id,y_true,y_pred,absolute_error
1736239213.260301,168.0,148.3794723143207,19.620527685679292
1736239223.287721,200.0,156.57687377662785,43.42312622337215
1736239233.306855,72.0,109.99902779890027,37.99902779890027
1736239243.323749,185.0,164.6765966263598,20.32340337364019
1736239253.352341,214.0,146.99859729435818,67.00140270564182
1736239263.37377,91.0,180.67218665367162,89.67218665367162
1736239273.401077,242.0,171.26952877957942,70.73047122042058
1736239283.43194,53.0,82.17314606462564,29.17314606462564
